{
  "type": "service_account",
  "project_id": "SEU_PROJECT_ID_FIREBASE",
  "private_key_id": "sua_private_key_id",
  "private_key": "-----BEGIN PRIVATE KEY-----\nSUA_PRIVATE_KEY_AQUI\n-----END PRIVATE KEY-----\n",
  "client_email": "firebase-adminsdk-xxxxx@seu-projeto.iam.gserviceaccount.com",
  "client_id": "seu_client_id",
  "auth_uri": "https://accounts.google.com/o/oauth2/auth",
  "token_uri": "https://oauth2.googleapis.com/token",
  "auth_provider_x509_cert_url": "https://www.googleapis.com/oauth2/v1/certs",
  "client_x509_cert_url": "https://www.googleapis.com/robot/v1/metadata/x509/firebase-adminsdk-xxxxx%40seu-projeto.iam.gserviceaccount.com"
}